model,original_review,source,subreddit,post_id,score,upvote_ratio,num_comments,scraped_at,created_utc,url
iPhone 16,"Screen burn I bought my iphone 16 in November 2025 directly from apple. Almost immediately noticed screen ghosting, burning, image retention after about a week or two. In January got the screen replaced and almost immediately the same issue has started happening. I have my brightness as low as it can go before I can't see anything, I'm on dark mode, but it still happens. I have until November to get it fixed again. Anyone else?",reddit,iPhone,1slo5p5,1,1.0,0,2026-04-14T22:49:09.160045+00:00,2026-04-14T22:46:02+00:00,https://reddit.com/r/iphone/comments/1slo5p5/screen_burn/
iPhone 13,"new base iphone 17 audio issues, discussion/support? so i just upgraded from the base model iphone 13 to the base iphone 17, and honestly speaking the audio sounds so much better on my 13. i don’t know if it’s a problem with my ears or my phone, because this phone is literally brand new it was manufactured feb 2026 and i got it a few days ago. i just don’t understand why the audio sounds so MUFFLED, like it sounds blurry. sorry i know this is kind of a bad description, but idk how else to describe it. blurry and muffled compared to my iphone 13. and it’s just so loud as well, like i have to lower the volume much more than i did on my 13. 

idk im just pretty displeased with the audio, ive also seen this complaint MANY times. idk if it’s just an issue with the 17, im kinda disappointed bc i waited years to upgrade and to have such an integral aspect of the phone be like that is concerning. obviously everything else is much better like the battery life, camera, very good.  but the audios important too. i was just wondering if anyone else was experiencing this and if they had any solutions/ figured it out?

tysm",reddit,iPhone,1slo4lo,1,1.0,1,2026-04-14T22:49:09.160128+00:00,2026-04-14T22:44:48+00:00,https://reddit.com/r/iphone/comments/1slo4lo/new_base_iphone_17_audio_issues_discussionsupport/
MacBook Pro,"[USA-LA][H] MacBook Neo citrus 512gb [W] PayPal SOLD!

Hello everyone, I am looking to sell my like new citrus MacBook Neo 512gb. I bought this laptop on release day and have used it lightly since.

I’m sure I will get asked why I want to sell it. I wanted to try it out as a daily driver for a while to see if it can replace my 16” MacBook Pro. While I love the portability, I prefer the larger 16” screen of my MacBook Pro a lot more. I am unfortunately outside of the return window, so my loss is your gain.

This is the 512gb Touch ID model.

I have the original box and cables that I will include with it.

I am asking $575 shipped for it. I am firm on price.

Repairs: none

Timestamp: [https://imgur.com/a/m2IkVEz](https://imgur.com/a/m2IkVEz)

Edit: lowered price to under education retail.",reddit,appleswap,1sfc55q,0,0.5,5,2026-04-14T22:50:08.177875+00:00,2026-04-07T23:21:05+00:00,https://reddit.com/r/appleswap/comments/1sfc55q/usalah_macbook_neo_citrus_512gb_w_paypal/
iCloud,"Changing primary iCloud email address Hi! I'm currently in the process of legally changing my name. The iCloud email address associated with my Apple account contains my previous last name and needs to be updated.

I've been using this iCloud address as my primary email for ages, so removing it from my account worries me. Will I completely lose access to my inbox and iMessages? Apple support didn't give me a super clear answer on what happens here or what my best option is. 

Thanks!!!",reddit,applehelp,1slo8c9,1,1.0,0,2026-04-14T22:50:10.883461+00:00,2026-04-14T22:49:06+00:00,https://reddit.com/r/applehelp/comments/1slo8c9/changing_primary_icloud_email_address/
iPhone 16,"Anyone else have this? I bought my iphone 16 in November 2025 directly from apple. Almost immediately noticed screen ghosting, burning, image retention after about a week or two. In January got the screen replaced and almost immediately the same issue has started happening. I have my brightness as low as it can go before I can't see anything, I'm on dark mode, but it still happens. I have until November to get it fixed again. Anyone else?",reddit,applehelp,1slo680,1,1.0,0,2026-04-14T22:50:10.883508+00:00,2026-04-14T22:46:38+00:00,https://reddit.com/r/applehelp/comments/1slo680/anyone_else_have_this/
